Index,Power (dBm),X_Position,Y_Position,Z_Position,U_Position,V_Position,W_Position
0,-31.0579567,6836,683.0,2223.0,-1338,-12,-62
1,-39.3750305,6836,683.0,2323.0,-1338,-12,-62
2,-37.1345062,6836,683.0,2423.0,-1338,-12,-62
3,-32.8311729,6836,783.0,2223.0,-1338,-12,-62
4,-30.4301758,6836,783.0,2323.0,-1338,-12,-62
5,-23.7325287,6836,783.0,2423.0,-1338,-12,-62
6,-31.9655571,6836,883.0,2223.0,-1338,-12,-62
7,-40.2309341,6836,883.0,2323.0,-1338,-12,-62
8,-38.0887451,6836,883.0,2423.0,-1338,-12,-62
