Index,Power (dBm),X_Position,Y_Position,Z_Position,U_Position,V_Position,W_Position
0,-199.999969,514569,6772.0,4450.0,-100,50,-7631
1,-199.999969,514569,6772.0,4550.0,-100,50,-7631
2,-199.999969,514569,6772.0,4650.0,-100,50,-7631
3,-199.999969,514569,6872.0,4450.0,-100,50,-7631
4,-199.999969,514569,6872.0,4550.0,-100,50,-7631
5,-199.999969,514569,6872.0,4650.0,-100,50,-7631
6,-199.999969,514569,6972.0,4450.0,-100,50,-7631
7,-199.999969,514569,6972.0,4550.0,-100,50,-7631
8,-199.999969,514569,6972.0,4650.0,-100,50,-7631
