Index,Power (dBm),X_Position,Y_Position,Z_Position,U_Position,V_Position,W_Position
0,-42.6936111,514469,6650.0,4350.0,-200,350,-7731
1,-45.1809769,514469,6650.0,4425.0,-200,350,-7731
2,-44.1365509,514469,6650.0,4500.0,-200,350,-7731
3,-36.1161804,514469,6725.0,4350.0,-200,350,-7731
4,-34.2343521,514469,6725.0,4425.0,-200,350,-7731
5,-28.9231987,514469,6725.0,4500.0,-200,350,-7731
6,-24.0145302,514469,6800.0,4350.0,-200,350,-7731
7,-27.3088913,514469,6800.0,4425.0,-200,350,-7731
8,-25.9807892,514469,6800.0,4500.0,-200,350,-7731
